{
  "AragalurAvin": [
    {
      "proId": "06",
      "proName": "Pownambal.L",
      "proHusband": "Laksmanan",
      "proPhone": "9791621347",
      "proAdhar": "************",
      "id": 3
    },
    {
      "proId": "130",
      "proName": "Sangeetha",
      "proHusband": "Chelladurai",
      "proPhone": "9791575358",
      "proAdhar": "************",
      "id": 4
    },
    {
      "proId": "115",
      "proName": "Jayanthi",
      "proHusband": "Ramesh",
      "proPhone": "7339296146",
      "proAdhar": "************",
      "id": 5
    },
    {
      "proId": "36",
      "proName": "Pitchaiyammal",
      "proHusband": "Manogaran",
      "proPhone": "7558151755",
      "proAdhar": "************",
      "id": 6
    },
    {
      "proId": "123",
      "proName": "Sheela",
      "proHusband": "Madubalan",
      "proPhone": "6383006856",
      "proAdhar": "************",
      "id": 7
    },
    {
      "proId": "113",
      "proName": "Devaki",
      "proHusband": "Duraimurugan",
      "proPhone": "9361201512",
      "proAdhar": "************",
      "id": 8
    },
    {
      "proId": "34",
      "proName": "Anjalai",
      "proHusband": "Thangaraj",
      "proPhone": "9751707173",
      "proAdhar": "************",
      "id": 9
    },
    {
      "proId": "105",
      "proName": "Shanthi",
      "proHusband": "Thulasidos",
      "proPhone": "9489852777",
      "proAdhar": "************",
      "id": 10
    },
    {
      "proId": "97",
      "proName": "Lakshmi",
      "proHusband": "Subramaniyan",
      "proPhone": "9524969175",
      "proAdhar": "************",
      "id": 11
    },
    {
      "proId": "33",
      "proName": "Maheswari",
      "proHusband": "Thandapani",
      "proPhone": "9786086345",
      "proAdhar": "************",
      "id": 12
    },
    {
      "proId": "129",
      "proName": "Pavitra",
      "proHusband": "Suresh",
      "proPhone": "8667545789",
      "proAdhar": "************",
      "id": 13
    },
    {
      "proId": "66",
      "proName": "Muthulakshmi",
      "proHusband": "Rangaraj",
      "proPhone": "9047236080",
      "proAdhar": "************",
      "id": 14
    },
    {
      "proId": "07",
      "proName": "Sasikala",
      "proHusband": "Rajendran",
      "proPhone": "9445622130",
      "proAdhar": "************",
      "id": 15
    },
    {
      "proId": "114",
      "proName": "Pirundha",
      "proHusband": "Raja",
      "proPhone": "9786443574",
      "proAdhar": "************",
      "id": 16
    },
    {
      "proId": "03",
      "proName": "Vijaya",
      "proHusband": "Raja",
      "proPhone": "9787069131",
      "proAdhar": "************",
      "id": 17
    },
    {
      "proId": "110",
      "proName": "Sarasu",
      "proHusband": "Rangan",
      "proPhone": "9384417342",
      "proAdhar": "************",
      "id": 18
    },
    {
      "proId": "126",
      "proName": "Saroja",
      "proHusband": "Perumal",
      "proPhone": "8220844584",
      "proAdhar": "************",
      "id": 19
    },
    {
      "proId": "109",
      "proName": "Amutha",
      "proHusband": "Karthik",
      "proPhone": "9629097512",
      "proAdhar": "************",
      "id": 20
    },
    {
      "proId": "119",
      "proName": "Chandra",
      "proHusband": "Durairaj",
      "proPhone": "9843931819",
      "proAdhar": "************",
      "id": 21
    },
    {
      "proId": "118",
      "proName": "Umamaheswari",
      "proHusband": "Senathipathi",
      "proPhone": "9788309217",
      "proAdhar": "************",
      "id": 22
    },
    {
      "proId": "37",
      "proName": "Jegathambal",
      "proHusband": "Raja",
      "proPhone": "9944867758",
      "proAdhar": "************",
      "id": 23
    },
    {
      "proId": "78",
      "proName": "Eswari",
      "proHusband": "Murugesan",
      "proPhone": "8754650268",
      "proAdhar": "************",
      "id": 24
    },
    {
      "proId": "45",
      "proName": "Umamaheswari",
      "proHusband": "Periyasamy",
      "proPhone": "9750280745",
      "proAdhar": "************",
      "id": 25
    }
  ]
}